user_id;username;name;follower;following;tweet_cound;list_count;verified;created_at
61661638;AmericanBanking;US Banking News;8508;2018;2906221;722;False;2009-07-31 01:58:33+00:00
2298709746;WatchlistN;Watchlist News;3210;11;1345448;160;False;2014-01-19 00:22:08+00:00
926793032;firsttomarkets;FirstToMarkets;1182;45;165501;244;False;2012-11-05 03:52:56+00:00
68559732;MarketBeatCom;MarketBeat;13206;2530;1753038;776;False;2009-08-25 00:39:44+00:00
2920258887;dakotafinancial;Dakota Financial;1540;40;1203556;76;False;2014-12-13 20:48:14+00:00
2181281054;WKRBNews;WKRB News;1269;9;1720336;141;False;2013-11-08 02:17:02+00:00
2435600154;MosaicGuys;Mosaic Art Designers;349;0;600113;159;False;2014-04-09 15:22:37+00:00
1979190776;TickerReport;Ticker Report;3951;41;2046538;194;False;2013-10-21 15:58:27+00:00
2325548678;mideasttimenews;Mideast Time;208;10;236122;26;False;2014-02-03 14:24:02+00:00
3984480800;stocksyard;Stocks Yard;1119;0;40370;10;False;2015-10-22 22:01:19+00:00
3039541329;InvestWorldNews;Invest World News;280;32;184321;72;False;2015-02-15 19:57:41+00:00
2338882843;dailypoliticaln;Daily Political;1396;10;1266439;84;False;2014-02-11 19:38:04+00:00
3984369372;Stockaregreat;StocksAreGreat;773;0;31564;13;False;2015-10-22 21:56:20+00:00
2181281054;WKRBNews;WKRB News;1269;9;1720336;141;False;2013-11-08 02:17:02+00:00
2435600154;MosaicGuys;Mosaic Art Designers;349;0;600113;159;False;2014-04-09 15:22:37+00:00
1979190776;TickerReport;Ticker Report;3951;41;2046538;194;False;2013-10-21 15:58:27+00:00
61661638;AmericanBanking;US Banking News;8508;2018;2906221;722;False;2009-07-31 01:58:33+00:00
3984480800;stocksyard;Stocks Yard;1119;0;40370;10;False;2015-10-22 22:01:19+00:00
1979190776;TickerReport;Ticker Report;3951;41;2046538;194;False;2013-10-21 15:58:27+00:00
61661638;AmericanBanking;US Banking News;8508;2018;2906221;722;False;2009-07-31 01:58:33+00:00
2447921562;Finmarketnews;Davis Bowen;771;0;142759;42;False;2014-04-16 20:02:19+00:00
2920258887;dakotafinancial;Dakota Financial;1540;40;1203556;76;False;2014-12-13 20:48:14+00:00
2298709746;WatchlistN;Watchlist News;3210;11;1345448;160;False;2014-01-19 00:22:08+00:00
2338882843;dailypoliticaln;Daily Political;1396;10;1266439;84;False;2014-02-11 19:38:04+00:00
4811917159;bfsi_financial;Financial News;1102;2;387048;296;False;2016-01-25 10:39:42+00:00
4811951173;bfsi_ibb;Investment News;411;2;185421;191;False;2016-01-25 10:50:00+00:00
2181281054;WKRBNews;WKRB News;1269;9;1720336;141;False;2013-11-08 02:17:02+00:00
2435600154;MosaicGuys;Mosaic Art Designers;349;0;600113;159;False;2014-04-09 15:22:37+00:00
926793032;firsttomarkets;FirstToMarkets;1182;45;165501;244;False;2012-11-05 03:52:56+00:00
68559732;MarketBeatCom;MarketBeat;13206;2530;1753038;776;False;2009-08-25 00:39:44+00:00
4584354895;MITickWatcher;TickWatcher;5325;4820;77356;74;False;2015-12-17 12:19:55+00:00
17616154;marcvsc;Marco;20;61;75;0;False;2008-11-25 09:35:14+00:00
349287204;WShak1;WShak;4144;315;18316;66;False;2011-08-05 21:30:47+00:00
546713;FD;Dan McCrum;27624;1215;11646;536;True;2007-01-04 17:22:34+00:00
2229274855;cardlessnews;Cardless;228;241;105769;205;False;2013-12-04 04:16:44+00:00
22976263;mariosuzo;Mario Suzo;26;193;1596;3;False;2009-03-05 20:48:07+00:00
1084887019;otcbreakingnews;OTCBreakingNews;2101;1435;207061;60;False;2013-01-13 03:41:02+00:00
2988156268;BlackBoxPhD;BlackboxPhD;9220;3941;90618;547;False;2015-01-20 21:59:37+00:00
15296897;MarketCurrents;Breaking News;81836;1;943066;2509;False;2008-07-02 10:38:58+00:00
272858172;Pgrecoit;Pasquale;298;74;73769;232;False;2011-03-27 09:42:41+00:00
2988156268;BlackBoxPhD;BlackboxPhD;9220;3941;90618;547;False;2015-01-20 21:59:37+00:00
15296897;MarketCurrents;Breaking News;81836;1;943066;2509;False;2008-07-02 10:38:58+00:00
2181281054;WKRBNews;WKRB News;1269;9;1720336;141;False;2013-11-08 02:17:02+00:00
2435600154;MosaicGuys;Mosaic Art Designers;349;0;600113;159;False;2014-04-09 15:22:37+00:00
2298709746;WatchlistN;Watchlist News;3210;11;1345448;160;False;2014-01-19 00:22:08+00:00
1979190776;TickerReport;Ticker Report;3951;41;2046538;194;False;2013-10-21 15:58:27+00:00
926793032;firsttomarkets;FirstToMarkets;1182;45;165501;244;False;2012-11-05 03:52:56+00:00
16111928;MAA1;MAA1;1942;1305;6266;186;False;2008-09-03 12:28:19+00:00
2801334731;diggingplatinum;trader whodont trade;1214;894;141056;771;False;2014-10-03 04:28:31+00:00
2988156268;BlackBoxPhD;BlackboxPhD;9220;3941;90618;547;False;2015-01-20 21:59:37+00:00
15296897;MarketCurrents;Breaking News;81836;1;943066;2509;False;2008-07-02 10:38:58+00:00
3984480800;stocksyard;Stocks Yard;1119;0;40370;10;False;2015-10-22 22:01:19+00:00
3816763393;specstockspulse;SpeculatingStocks.com Social Network for Investors;583;441;432176;36;False;2015-10-07 17:57:06+00:00
23059499;SeekingAlpha;Seeking Alpha;204990;75;883291;4933;False;2009-03-06 12:52:56+00:00
87934908;rodreman;Rafael Odreman;1197;3557;9606;56;False;2009-11-06 13:04:31+00:00
3044159284;wlstcom;WLST.com;2019;71;402626;1249;False;2015-02-18 01:26:31+00:00
23059499;SeekingAlpha;Seeking Alpha;204990;75;883291;4933;False;2009-03-06 12:52:56+00:00
2730855593;stockschamp;stockschamp;482;8;68822;16;False;2014-08-01 16:39:24+00:00
2338882843;dailypoliticaln;Daily Political;1396;10;1266439;84;False;2014-02-11 19:38:04+00:00
2266388972;midetimes;MidEast Times;681;45;1104630;87;False;2013-12-28 20:16:47+00:00
2525892205;intercooleronli;InterCooler;856;11;1273510;100;False;2014-05-26 21:20:18+00:00
68559732;MarketBeatCom;MarketBeat;13206;2530;1753038;776;False;2009-08-25 00:39:44+00:00
272858172;Pgrecoit;Pasquale;298;74;73769;232;False;2011-03-27 09:42:41+00:00
15296897;MarketCurrents;Breaking News;81836;1;943066;2509;False;2008-07-02 10:38:58+00:00
2298709746;WatchlistN;Watchlist News;3210;11;1345448;160;False;2014-01-19 00:22:08+00:00
2181281054;WKRBNews;WKRB News;1269;9;1720336;141;False;2013-11-08 02:17:02+00:00
2435600154;MosaicGuys;Mosaic Art Designers;349;0;600113;159;False;2014-04-09 15:22:37+00:00
1979190776;TickerReport;Ticker Report;3951;41;2046538;194;False;2013-10-21 15:58:27+00:00
61661638;AmericanBanking;US Banking News;8508;2018;2906221;722;False;2009-07-31 01:58:33+00:00
703860210;AsianGamer_yt;Leon;309;383;18625;11;False;2012-07-18 21:55:35+00:00
706356170374717440;xfinstocks2016;xfinstocks2016;205;39;27052;56;False;2016-03-06 05:50:09+00:00
1850041968;PolgarStocks;PolgarStocks;1410;391;248996;161;False;2013-09-10 02:17:36+00:00
2447921562;Finmarketnews;Davis Bowen;771;0;142759;42;False;2014-04-16 20:02:19+00:00
2196900553;nasdaqfan;nasdaqfan;868;392;168421;160;False;2013-11-16 01:26:30+00:00
68559732;MarketBeatCom;MarketBeat;13206;2530;1753038;776;False;2009-08-25 00:39:44+00:00
4811798929;financ_mortgage;Mortgage News;294;3;122037;119;False;2016-01-25 10:04:30+00:00
4811951173;bfsi_ibb;Investment News;411;2;185421;191;False;2016-01-25 10:50:00+00:00
4811917159;bfsi_financial;Financial News;1102;2;387048;296;False;2016-01-25 10:39:42+00:00
2447921562;Finmarketnews;Davis Bowen;771;0;142759;42;False;2014-04-16 20:02:19+00:00
732361939490312192;CFinancialNews;Community Financial;468;163;1446106;43;False;2016-05-17 00:07:47+00:00
68559732;MarketBeatCom;MarketBeat;13206;2530;1753038;776;False;2009-08-25 00:39:44+00:00
272858172;Pgrecoit;Pasquale;298;74;73769;232;False;2011-03-27 09:42:41+00:00
3044159284;wlstcom;WLST.com;2019;71;402626;1249;False;2015-02-18 01:26:31+00:00
15296897;MarketCurrents;Breaking News;81836;1;943066;2509;False;2008-07-02 10:38:58+00:00
2266388972;midetimes;MidEast Times;681;45;1104630;87;False;2013-12-28 20:16:47+00:00
2525892205;intercooleronli;InterCooler;856;11;1273510;100;False;2014-05-26 21:20:18+00:00
216936416;specstockscom;SpeculatingStocks: Public Companies Raise Funds!;1384;1106;316663;49;False;2010-11-18 03:25:30+00:00
2447921562;Finmarketnews;Davis Bowen;771;0;142759;42;False;2014-04-16 20:02:19+00:00
1979190776;TickerReport;Ticker Report;3951;41;2046538;194;False;2013-10-21 15:58:27+00:00
943845800;marketexclusive;marketexclusive;5048;5244;146978;72;False;2012-11-12 15:47:54+00:00
68559732;MarketBeatCom;MarketBeat;13206;2530;1753038;776;False;2009-08-25 00:39:44+00:00
2266388972;midetimes;MidEast Times;681;45;1104630;87;False;2013-12-28 20:16:47+00:00
732361939490312192;CFinancialNews;Community Financial;468;163;1446106;43;False;2016-05-17 00:07:47+00:00
2795480597;bfinancenews;BreakingFinanceNews;23;0;54784;0;False;2014-09-30 16:40:13+00:00
286774989;usratings;US Stock Ratings;805;3;46619;45;False;2011-04-23 17:31:49+00:00
707095826724745216;Lukas_Knecht;Lukas Knecht;4;36;4;0;False;2016-03-08 06:49:17+00:00
153603735;NewsDen_net;NewsDen;147;10;14999;8;False;2010-06-09 00:17:43+00:00
2416188264;storminvestor;Storm Investor;674;9;998825;19;False;2014-03-28 17:00:55+00:00
2525892205;intercooleronli;InterCooler;856;11;1273510;100;False;2014-05-26 21:20:18+00:00
2447921562;Finmarketnews;Davis Bowen;771;0;142759;42;False;2014-04-16 20:02:19+00:00
2181281054;WKRBNews;WKRB News;1269;9;1720337;141;False;2013-11-08 02:17:02+00:00
2435600154;MosaicGuys;Mosaic Art Designers;349;0;600113;159;False;2014-04-09 15:22:37+00:00
4811917159;bfsi_financial;Financial News;1102;2;387048;296;False;2016-01-25 10:39:42+00:00
4811951173;bfsi_ibb;Investment News;411;2;185421;191;False;2016-01-25 10:50:00+00:00
68559732;MarketBeatCom;MarketBeat;13206;2530;1753038;776;False;2009-08-25 00:39:44+00:00
3816763393;specstockspulse;SpeculatingStocks.com Social Network for Investors;583;441;432176;36;False;2015-10-07 17:57:06+00:00
2298709746;WatchlistN;Watchlist News;3210;11;1345448;160;False;2014-01-19 00:22:08+00:00
2435600154;MosaicGuys;Mosaic Art Designers;349;0;600113;159;False;2014-04-09 15:22:37+00:00
3984369372;Stockaregreat;StocksAreGreat;773;0;31564;13;False;2015-10-22 21:56:20+00:00
3816763393;specstockspulse;SpeculatingStocks.com Social Network for Investors;583;441;432176;36;False;2015-10-07 17:57:06+00:00
2730855593;stockschamp;stockschamp;482;8;68822;16;False;2014-08-01 16:39:24+00:00
732361939490312192;CFinancialNews;Community Financial;468;163;1446106;43;False;2016-05-17 00:07:47+00:00
2447921562;Finmarketnews;Davis Bowen;771;0;142759;42;False;2014-04-16 20:02:19+00:00
76547516;russurban;Russ Urban: Equity Crowdfunding Marketing;604;29;38658;32;False;2009-09-23 03:32:52+00:00
4848041224;amyhalutao;amyhalutao;80;40;9264;1;False;2016-01-26 03:09:26+00:00
764821491829575680;KatieGotCash;Katie;98;100;1611;12;False;2016-08-14 13:50:28+00:00
704753138146877440;csFraudAnalysis;csfa.;1107;591;16101;30;False;2016-03-01 19:40:16+00:00
238775819;mvacoli;Mark Oliver;165;349;2996;10;False;2011-01-16 01:05:57+00:00
1850041968;PolgarStocks;PolgarStocks;1410;391;248996;161;False;2013-09-10 02:17:36+00:00
61661638;AmericanBanking;US Banking News;8508;2018;2906221;722;False;2009-07-31 01:58:33+00:00
23059499;SeekingAlpha;Seeking Alpha;204990;75;883291;4933;False;2009-03-06 12:52:56+00:00
15296897;MarketCurrents;Breaking News;81836;1;943066;2509;False;2008-07-02 10:38:58+00:00
764863705859305477;KendraLuvsBio;Kendra;59;116;1396;16;False;2016-08-14 16:38:12+00:00
2196900553;nasdaqfan;nasdaqfan;868;392;168421;160;False;2013-11-16 01:26:30+00:00
1001192245;TalkMarkets;TalkMarkets;5180;1138;308629;597;False;2012-12-10 07:55:31+00:00
68559732;MarketBeatCom;MarketBeat;13206;2530;1753038;776;False;2009-08-25 00:39:44+00:00
61661638;AmericanBanking;US Banking News;8508;2018;2906221;722;False;2009-07-31 01:58:33+00:00
122443799;greenstocknews;Green Stock News;50965;457;98999;199;False;2010-03-12 18:41:58+00:00
845021745203630080;InfoDividend;Early Retirement;285;366;13995;17;False;2017-03-23 21:17:38+00:00
23059499;SeekingAlpha;Seeking Alpha;204990;75;883291;4933;False;2009-03-06 12:52:56+00:00
801855292510261253;sitivandermeij;Siti van der Meij;370;38;146971;22;False;2016-11-24 18:29:34+00:00
3044159284;wlstcom;WLST.com;2019;71;402626;1249;False;2015-02-18 01:26:31+00:00
15296897;MarketCurrents;Breaking News;81836;1;943066;2509;False;2008-07-02 10:38:58+00:00
4848041224;amyhalutao;amyhalutao;80;40;9264;1;False;2016-01-26 03:09:26+00:00
4847925341;thermstocksez;thermstocks;71;39;10418;3;False;2016-01-26 02:50:11+00:00
1850041968;PolgarStocks;PolgarStocks;1410;391;248996;161;False;2013-09-10 02:17:36+00:00
201537863;ZacksSmallCap;Zacks SCR;4520;118;7760;109;False;2010-10-12 02:13:54+00:00
786692001626546176;ProtectYPrivacy;Protect Your Privacy;97;1;50813;15;False;2016-10-13 22:16:04+00:00
738330351303528448;ForexTradeClub;Forex Trading Club;316;18;33461;138;False;2016-06-02 11:24:08+00:00
4506562407;EconCalend;Economic Calendar;1572;19;13998;154;False;2015-12-16 20:46:49+00:00
764824548583809025;BiotechBeauty;Megan;74;57;1316;21;False;2016-08-14 14:02:36+00:00
3044159284;wlstcom;WLST.com;2019;71;402626;1249;False;2015-02-18 01:26:31+00:00
2793389415;deepxdive;Deep Dive;223;38;90053;35;False;2014-09-30 02:50:03+00:00
2416188264;storminvestor;Storm Investor;674;9;998825;19;False;2014-03-28 17:00:55+00:00
68559732;MarketBeatCom;MarketBeat;13206;2530;1753038;776;False;2009-08-25 00:39:44+00:00
61661638;AmericanBanking;US Banking News;8508;2018;2906221;722;False;2009-07-31 01:58:33+00:00
4584354895;MITickWatcher;TickWatcher;5325;4820;77356;74;False;2015-12-17 12:19:55+00:00
2196900553;nasdaqfan;nasdaqfan;868;392;168421;160;False;2013-11-16 01:26:30+00:00
4847284887;philintrades101;philintrades;76;40;9465;3;False;2016-01-25 23:42:48+00:00
4847925341;thermstocksez;thermstocks;71;39;10418;3;False;2016-01-26 02:50:11+00:00
2573704915;wininstocks2014;wininstocks2014;308;916;42945;8;False;2014-06-17 22:44:46+00:00
393404934;fundconsult;Ferenc Sanderson;269;106;17768;42;False;2011-10-18 13:54:36+00:00
3892316506;pulseportal;Pulse Portal;16;12;72400;1;False;2015-10-07 18:18:20+00:00
1672120591;JorelLaraKalel;Clark Joseph Kent;4261;889;56714;150;False;2013-08-15 03:20:37+00:00
3816763393;specstockspulse;SpeculatingStocks.com Social Network for Investors;583;441;432176;36;False;2015-10-07 17:57:06+00:00
2416188264;storminvestor;Storm Investor;674;9;998825;19;False;2014-03-28 17:00:55+00:00
68559732;MarketBeatCom;MarketBeat;13206;2530;1753038;776;False;2009-08-25 00:39:44+00:00
61661638;AmericanBanking;US Banking News;8508;2018;2906221;722;False;2009-07-31 01:58:33+00:00
2204135624;stock_forums;Stock Forums;2336;417;288175;0;False;2013-11-20 02:49:45+00:00
787249747;TimberlakeLaw;Trademarks Are Magic;7337;1834;82145;250;False;2012-08-28 15:27:42+00:00
1850041968;PolgarStocks;PolgarStocks;1410;391;248996;161;False;2013-09-10 02:17:36+00:00
3816763393;specstockspulse;SpeculatingStocks.com Social Network for Investors;583;441;432176;36;False;2015-10-07 17:57:06+00:00
3892316506;pulseportal;Pulse Portal;16;12;72400;1;False;2015-10-07 18:18:20+00:00
216936416;specstockscom;SpeculatingStocks: Public Companies Raise Funds!;1384;1106;316663;49;False;2010-11-18 03:25:30+00:00
28337061;DavalynManager;Davalyn Corporation;80;1;127217;71;False;2009-04-02 13:29:05+00:00
68559732;MarketBeatCom;MarketBeat;13206;2530;1753038;776;False;2009-08-25 00:39:44+00:00
61661638;AmericanBanking;US Banking News;8508;2018;2906221;722;False;2009-07-31 01:58:33+00:00
801855292510261253;sitivandermeij;Siti van der Meij;370;38;146971;22;False;2016-11-24 18:29:34+00:00
3044159284;wlstcom;WLST.com;2019;71;402626;1249;False;2015-02-18 01:26:31+00:00
15296897;MarketCurrents;Breaking News;81836;1;943066;2509;False;2008-07-02 10:38:58+00:00
208428010;lawdylan77;Dylan Law;26447;807;2122;13;False;2010-10-27 07:58:27+00:00
1901346673;KinchB;Brian Kinch;824;1510;4378;149;False;2013-09-24 18:09:56+00:00
565612962;DPolitical;Daily Political;143;0;87858;112;False;2012-04-28 15:39:01+00:00
3816763393;specstockspulse;SpeculatingStocks.com Social Network for Investors;583;441;432176;36;False;2015-10-07 17:57:06+00:00
216936416;specstockscom;SpeculatingStocks: Public Companies Raise Funds!;1384;1106;316663;49;False;2010-11-18 03:25:30+00:00
216936416;specstockscom;SpeculatingStocks: Public Companies Raise Funds!;1384;1106;316663;49;False;2010-11-18 03:25:30+00:00
3816763393;specstockspulse;SpeculatingStocks.com Social Network for Investors;583;441;432176;36;False;2015-10-07 17:57:06+00:00
3892316506;pulseportal;Pulse Portal;16;12;72400;1;False;2015-10-07 18:18:20+00:00
68559732;MarketBeatCom;MarketBeat;13206;2530;1753038;776;False;2009-08-25 00:39:44+00:00
565612962;DPolitical;Daily Political;143;0;87858;112;False;2012-04-28 15:39:01+00:00
2416188264;storminvestor;Storm Investor;674;9;998830;19;False;2014-03-28 17:00:55+00:00
61661638;AmericanBanking;US Banking News;8508;2018;2906221;722;False;2009-07-31 01:58:33+00:00
68559732;MarketBeatCom;MarketBeat;13206;2530;1753038;776;False;2009-08-25 00:39:44+00:00
801855292510261253;sitivandermeij;Siti van der Meij;370;38;146971;22;False;2016-11-24 18:29:34+00:00
15296897;MarketCurrents;Breaking News;81836;1;943067;2509;False;2008-07-02 10:38:58+00:00
287966215;StockTradePicks;ValueTrades;5032;146;9416;84;False;2011-04-26 00:45:37+00:00
287966215;StockTradePicks;ValueTrades;5032;146;9416;84;False;2011-04-26 00:45:37+00:00
61661638;AmericanBanking;US Banking News;8508;2018;2906221;722;False;2009-07-31 01:58:33+00:00
2181281054;WKRBNews;WKRB News;1269;9;1720338;141;False;2013-11-08 02:17:02+00:00
2266388972;midetimes;MidEast Times;681;45;1104630;87;False;2013-12-28 20:16:47+00:00
2338882843;dailypoliticaln;Daily Political;1396;10;1266439;84;False;2014-02-11 19:38:04+00:00
47905384;TheReal666;TheReal666;2874;1668;7113;32;False;2009-06-17 09:09:58+00:00
1157373200;TheSkeptic21;The Skeptic;6854;1367;26025;174;False;2013-02-07 14:57:31+00:00
216936416;specstockscom;SpeculatingStocks: Public Companies Raise Funds!;1384;1106;316663;49;False;2010-11-18 03:25:30+00:00
565612962;DPolitical;Daily Political;143;0;87858;112;False;2012-04-28 15:39:01+00:00
3816763393;specstockspulse;SpeculatingStocks.com Social Network for Investors;583;441;432176;36;False;2015-10-07 17:57:06+00:00
287966215;StockTradePicks;ValueTrades;5032;146;9416;84;False;2011-04-26 00:45:37+00:00
3816763393;specstockspulse;SpeculatingStocks.com Social Network for Investors;583;441;432176;36;False;2015-10-07 17:57:06+00:00
877190174115024898;SwingTradeOTC;SwingTradeBot OTC;1672;22;98109;29;False;2017-06-20 15:43:29+00:00
287966215;StockTradePicks;ValueTrades;5032;146;9416;84;False;2011-04-26 00:45:37+00:00
157937378;nfcbanking;nfcbanking;1679;120;84860;188;False;2010-06-21 08:53:41+00:00
2229274855;cardlessnews;Cardless;228;241;105769;205;False;2013-12-04 04:16:44+00:00
1979190776;TickerReport;Ticker Report;3951;41;2046538;194;False;2013-10-21 15:58:27+00:00
930803511918411776;ThisLincolnian;The Lincolnian;735;34;667119;22;False;2017-11-15 14:23:45+00:00
3816763393;specstockspulse;SpeculatingStocks.com Social Network for Investors;583;441;432176;36;False;2015-10-07 17:57:06+00:00
977696849082638336;Pros_Trader;Prospective Trader;55;92;504;0;False;2018-03-25 00:01:08+00:00
930803511918411776;ThisLincolnian;The Lincolnian;735;34;667119;22;False;2017-11-15 14:23:45+00:00
776780281671933952;OutsourceReport;OutsourcingReport;72;56;14594;4;False;2016-09-16 13:50:25+00:00
2181281054;WKRBNews;WKRB News;1269;9;1720338;141;False;2013-11-08 02:17:02+00:00
4309149612;andri000me_40;Andri Ete;54;2010;3382708;0;False;2015-11-21 06:39:32+00:00
15296897;MarketCurrents;Breaking News;81836;1;943068;2509;False;2008-07-02 10:38:58+00:00
943346243429982208;CryptoTrackerBt;Crypto Tracker Bot;554;0;41373;12;False;2017-12-20 05:04:05+00:00
989089454643138560;kgazette_stock;Key Gazette;64;0;51141;1;False;2018-04-25 10:31:17+00:00
989388221686730753;mmahotstuff1;Money Making Articles Hot Stuff;417;0;486584;11;False;2018-04-26 06:18:28+00:00
2920258887;dakotafinancial;Dakota Financial;1540;40;1203556;76;False;2014-12-13 20:48:14+00:00
2181281054;WKRBNews;WKRB News;1269;9;1720338;141;False;2013-11-08 02:17:02+00:00
930803511918411776;ThisLincolnian;The Lincolnian;735;34;667119;22;False;2017-11-15 14:23:45+00:00
2266388972;midetimes;MidEast Times;681;45;1104630;87;False;2013-12-28 20:16:47+00:00
2338882843;dailypoliticaln;Daily Political;1396;10;1266439;84;False;2014-02-11 19:38:04+00:00
1979190776;TickerReport;Ticker Report;3951;41;2046538;194;False;2013-10-21 15:58:27+00:00
989082007010512896;whatsonthorold2;WhatsOnThorold;313;0;483960;12;False;2018-04-25 10:01:41+00:00
15296897;MarketCurrents;Breaking News;81836;1;943068;2509;False;2008-07-02 10:38:58+00:00
877190174115024898;SwingTradeOTC;SwingTradeBot OTC;1672;22;98111;29;False;2017-06-20 15:43:29+00:00
943346243429982208;CryptoTrackerBt;Crypto Tracker Bot;554;0;41373;12;False;2017-12-20 05:04:05+00:00
826406533911158784;hrabiaKent;dataNerd;1951;471;48895;259;False;2017-01-31 12:27:26+00:00
993464474110750722;west_moreland;Westmoreland Times;48;0;110141;1;False;2018-05-07 12:16:03+00:00
1979190776;TickerReport;Ticker Report;3951;41;2046538;194;False;2013-10-21 15:58:27+00:00
136374578;teletechwire;Teletechwire;29;0;4395;2;False;2010-04-23 19:25:40+00:00
989379943946694656;reurope_stock;REurope;276;0;485113;9;False;2018-04-26 05:45:35+00:00
921439300968779776;bzweekly;BZ WEEKLY;62;2;90812;2;False;2017-10-20 18:13:43+00:00
921457762667716608;heraldks;Herald KS;66;1;53009;0;False;2017-10-20 19:27:05+00:00
877190174115024898;SwingTradeOTC;SwingTradeBot OTC;1672;22;98111;29;False;2017-06-20 15:43:29+00:00
890514925130469376;stocknewsweek;Wolcott Daily;55;0;52514;4;False;2017-07-27 10:11:17+00:00
877190174115024898;SwingTradeOTC;SwingTradeBot OTC;1672;22;98111;29;False;2017-06-20 15:43:29+00:00
971695146902339584;The_CasualSmart;The Casual Smart;224;10;324673;5;False;2018-03-08 10:32:31+00:00
989379943946694656;reurope_stock;REurope;276;0;485113;9;False;2018-04-26 05:45:35+00:00
971695146902339584;The_CasualSmart;The Casual Smart;224;10;324673;5;False;2018-03-08 10:32:31+00:00
989388221686730753;mmahotstuff1;Money Making Articles Hot Stuff;417;0;486584;11;False;2018-04-26 06:18:28+00:00
989082007010512896;whatsonthorold2;WhatsOnThorold;313;0;483960;12;False;2018-04-25 10:01:41+00:00
993464474110750722;west_moreland;Westmoreland Times;48;0;110141;1;False;2018-05-07 12:16:03+00:00
930803511918411776;ThisLincolnian;The Lincolnian;735;34;667119;22;False;2017-11-15 14:23:45+00:00
4584354895;MITickWatcher;TickWatcher;5325;4820;77356;74;False;2015-12-17 12:19:55+00:00
943346243429982208;CryptoTrackerBt;Crypto Tracker Bot;554;0;41373;12;False;2017-12-20 05:04:05+00:00
15296897;MarketCurrents;Breaking News;81836;1;943070;2509;False;2008-07-02 10:38:58+00:00
15823970;inflexion;inflexion;102;1051;2380;6;False;2008-08-12 15:55:01+00:00
877190174115024898;SwingTradeOTC;SwingTradeBot OTC;1672;22;98111;29;False;2017-06-20 15:43:29+00:00
2920258887;dakotafinancial;Dakota Financial;1540;40;1203556;76;False;2014-12-13 20:48:14+00:00
930803511918411776;ThisLincolnian;The Lincolnian;735;34;667119;22;False;2017-11-15 14:23:45+00:00
4584354895;MITickWatcher;TickWatcher;5325;4820;77356;74;False;2015-12-17 12:19:55+00:00
1039207917336096768;creazzo_rocco;Rocco Creazzo;12;141;60;4;False;2018-09-10 17:44:09+00:00
14216123;jimcramer;Jim Cramer;1838687;674;121881;17361;True;2008-03-25 15:16:57+00:00
971695146902339584;The_CasualSmart;The Casual Smart;224;10;324673;5;False;2018-03-08 10:32:31+00:00
2920258887;dakotafinancial;Dakota Financial;1540;40;1203556;76;False;2014-12-13 20:48:14+00:00
943346243429982208;CryptoTrackerBt;Crypto Tracker Bot;554;0;41373;12;False;2017-12-20 05:04:05+00:00
1979190776;TickerReport;Ticker Report;3951;41;2046538;194;False;2013-10-21 15:58:27+00:00
989379943946694656;reurope_stock;REurope;276;0;485113;9;False;2018-04-26 05:45:35+00:00
2181281054;WKRBNews;WKRB News;1269;9;1720338;141;False;2013-11-08 02:17:02+00:00
4584354895;MITickWatcher;TickWatcher;5325;4820;77356;74;False;2015-12-17 12:19:55+00:00
1055151063240708099;ratesnratings;Rates'n'Ratings;157;205;192;0;False;2018-10-24 17:36:32+00:00
776780281671933952;OutsourceReport;OutsourcingReport;72;56;14594;4;False;2016-09-16 13:50:25+00:00
2266388972;midetimes;MidEast Times;681;45;1104630;87;False;2013-12-28 20:16:47+00:00
2338882843;dailypoliticaln;Daily Political;1396;10;1266439;84;False;2014-02-11 19:38:04+00:00
2920258887;dakotafinancial;Dakota Financial;1540;40;1203556;76;False;2014-12-13 20:48:14+00:00
943346243429982208;CryptoTrackerBt;Crypto Tracker Bot;554;0;41373;12;False;2017-12-20 05:04:05+00:00
930803511918411776;ThisLincolnian;The Lincolnian;735;34;667119;22;False;2017-11-15 14:23:45+00:00
989388221686730753;mmahotstuff1;Money Making Articles Hot Stuff;417;0;486584;11;False;2018-04-26 06:18:28+00:00
989082007010512896;whatsonthorold2;WhatsOnThorold;313;0;483960;12;False;2018-04-25 10:01:41+00:00
971695146902339584;The_CasualSmart;The Casual Smart;224;10;324673;5;False;2018-03-08 10:32:31+00:00
989379943946694656;reurope_stock;REurope;276;0;485113;9;False;2018-04-26 05:45:35+00:00
741255408;kira_70;FATAL LOVE;200;906;34161;3;False;2012-08-06 19:20:41+00:00
1458161174;Sweet_MinMint;üêãüåøSweet‚Ä¢Creatureüåøüêã;387;347;67284;5;False;2013-05-25 22:08:12+00:00
3017963166;_execute_testa;lll üíï7forever;92;470;344095;1;False;2015-02-13 03:51:14+00:00
1054469888675405824;Monbebe0550;mariadiaz;76;190;11310;0;False;2018-10-22 20:29:47+00:00
2753414765;uhm_elle;Elle üê∞MX7;626;472;19549;4;False;2014-08-28 15:48:29+00:00
417843991;inlirein;inlirein;450;481;29415;0;False;2011-11-21 12:45:33+00:00
2686742652;KManiac1110;#RUSHHOUR #MONSTA_X;218;167;69671;0;False;2014-07-28 06:01:52+00:00
1026587839595593728;SH0WNUWU;üêªüíõüåªshownu is the lomlüåªüíõüêª;24;218;1823;0;False;2018-08-06 21:56:28+00:00
980188914387509248;PiedPiperTookMe;üåì üÉë ShineFor13 üÉë üåì;118;572;2846;3;False;2018-03-31 21:03:43+00:00
1047122799289032707;MINHYUK990;ÏòàÍæ∏;370;458;8523;0;False;2018-10-02 13:55:04+00:00
942190501616287744;kiinarfwh;ùêüùê´ùêöùêß ü¶¶;160;327;44306;1;False;2017-12-17 00:31:35+00:00
343631891;adrienne_solace;‚ùÅ;2089;3073;58315;20;False;2011-07-27 21:17:48+00:00
135781594;NP_13eside;ÎÇ®Ìé´ ·ôèÃ§Ã´;1015;562;178050;11;False;2010-04-22 06:48:41+00:00
1336492662;SHINeMonX_PSA;SHINeMonXüéóÔ∏èÏÉ§Ïù∏Î™¨ÏóëÏä§ üåà ‡∏ä‡∏≤‡∏¢‡∏°‡∏≠‡∏ô‡πÄ‡∏≠‡πá‡∏Å‡∏ã‡πåüçë|MX7|üíØ;166;481;174133;1;False;2013-04-08 12:19:06+00:00
2909144894;yooareapeach;üçÄ;440;501;168111;9;False;2014-11-24 14:04:48+00:00
2915411142;NIYNGKI_;(rest) …¥…™ è…¥…¢ ·¥ã…™ ú è·¥ú…¥…¢ü¶ã;217;626;176505;15;False;2014-12-01 09:07:46+00:00
830946961125634050;peperokyun;üê∫„ÅÆËèä;149;166;55812;3;False;2017-02-13 01:09:28+00:00
929519601964032000;Choco_DH28;|Í≥†ÏñëÎã¨| üíì;20;144;3927;0;False;2017-11-12 01:21:57+00:00
2260599877;itsHikari93;HikariE |||;1698;395;166300;6;False;2013-12-24 18:43:06+00:00
1628245746;ninthvv;Î∑∞;972;99;307037;19;False;2013-07-28 16:44:46+00:00
2291440345;wonhowall;Wonderwall ‚ó°Ãà;5574;73;316877;145;False;2014-01-14 17:14:16+00:00
2901468440;shxtgimon;hate Monday;191;2363;224070;0;False;2014-11-16 10:08:54+00:00
260213939;theamppp;Í≥†ÎûòÌååÎûÄ üêã;522;280;346613;10;False;2011-03-03 12:42:05+00:00
948958953739710464;MonbebeSha;foreverbebe;36;161;7788;0;False;2018-01-04 16:47:00+00:00
951474038148186112;kihyuniform;‚òïÔ∏è;200;71;36819;2;False;2018-01-11 15:21:03+00:00
921899668509986816;joohoneybeebe;ü•∞;379;453;47308;0;False;2017-10-22 00:43:03+00:00
731565273648644099;KingOliwiaJulia;Ïò¨Î¶¨ÎπÑÏïÑ;662;356;87350;26;False;2016-05-14 19:22:07+00:00
996083202904248320;kihyunshairline;shanice ‚ô°ÃÜÃà;376;289;63880;9;False;2018-05-14 17:41:56+00:00
2568744590;yuppimh;STOP;1;13;53461;1;False;2014-06-15 09:58:35+00:00
3434958815;monstaxmeusbebe;WONHO ‚ô° MONSTA X;606;1197;23648;2;False;2015-08-22 02:03:51+00:00
1011809560477065216;sharkster_ykh;ÎàÑÍµ¨ üêπ;10135;749;40514;168;False;2018-06-27 03:12:52+00:00
714861172005011456;Suluhers;‚ãà Erny Monbebe‚ú®;676;97;457920;18;False;2016-03-29 17:05:59+00:00
852893779904282626;ppnt0910;…≥ Œ± …æ Œ± . üßú‚Äç‚ôÄÔ∏è;75;948;133135;0;False;2017-04-14 14:38:17+00:00
1328259121;MelonMoonGOs;Melon üåí ¬§ Slow due to life üò£;1210;658;13815;24;False;2013-04-05 02:46:36+00:00
3977018832;samanthachae;üëësa‚ãàanthaüê¢üê∞üéó;220;1110;43004;4;False;2015-10-22 05:59:11+00:00
2452037569;Anikka2528;NikkiDee;124;568;12474;1;False;2014-04-18 22:51:51+00:00
2983286342;SimplyYeri;‚ô° Forever Your Monbebe & Wenee ‚ô°;602;2709;246170;3;False;2015-01-14 22:16:19+00:00
108490893;chovitap;Elyza ‚ù§Ô∏è;1114;1101;45177;5;False;2010-01-26 03:14:41+00:00
761145183240982528;nmxchw;‡∏´‡∏£‡∏∑‡∏≠‡∏´‡∏°‡πà‡∏≤‡∏°‡∏µ‡πä‡∏à‡∏∞‡πÄ‡∏õ‡πá‡∏ô‡πÅ‡∏°‡πà‡∏ó‡∏µ‡πà‡∏≠‡πà‡∏≠‡∏ô‡πÅ‡∏≠;76;1326;153412;1;False;2016-08-04 10:22:08+00:00
1069345854736105472;blurryminhyuk;skye;12;116;12;0;False;2018-12-02 21:41:34+00:00
1001945331427262465;monjellys;üéÄ;109;399;49562;0;False;2018-05-30 21:55:57+00:00
1053976073413652480;chiikihyunnie;üêπ Chii üêπ;1707;945;20922;2;False;2018-10-21 11:47:32+00:00
214704580;wonhoneii;c.;1282;492;98456;19;False;2010-11-12 01:19:07+00:00
999106842520416256;mjnkrypt16;Jùë∂N | #PSYCHE;170;123;18599;3;False;2018-05-23 01:56:48+00:00
4345819456;xiaosmao;Zanüéê;557;34;36310;6;False;2015-12-02 01:55:13+00:00
942838793240944640;siawstelllll;stel;36;657;13285;0;False;2017-12-18 19:27:40+00:00
973371939765891072;jookicore;ia;325;218;33395;2;False;2018-03-13 01:35:29+00:00
949488904868188160;holyyoo;nanako;31;392;19655;0;False;2018-01-06 03:52:50+00:00
4029339192;FlexerKay;:): Yuukyyy üòâüò¢ü•ë;317;958;43253;1;False;2015-10-26 23:31:16+00:00
1024847297488674816;peceIsemanggi;Hanna üëë;402;511;172129;0;False;2018-08-02 02:40:11+00:00
1056876825224204293;monbeberin;rin is on a break ‚ô°;51;111;931;0;False;2018-10-29 11:54:05+00:00
938426996090171392;00sbyu;üê∞‚úò;324;577;7579;0;False;2017-12-06 15:16:45+00:00
1053938331510165505;swmkhji1426;#Alligator4thWin üêä;117;329;10498;0;False;2018-10-21 09:17:34+00:00
901751089451589632;JealousJooheon;triz üêù (ia) // BLM;91;482;16182;0;False;2017-08-27 10:19:48+00:00
748044382524350464;mxology_;‚ãà Ïïî;99;61;21294;0;False;2016-06-29 06:44:13+00:00
2466203509;kihyunscoffeee;gk ‚ô° ùíÆùíΩùí∂ùìÖùëí ùëúùíª ùêøùëúùìãùëí;1453;705;143260;14;False;2014-04-27 14:35:16+00:00
1540342465;honeybebegom;Raniii//Joo Dumplingü•ü;1269;1259;94556;5;False;2013-06-23 06:56:50+00:00
966465546416992256;bubuli_3110;„Äå„Éñ„Éñ„É™üí•Bubuli„Äç;782;414;26722;1;False;2018-02-22 00:11:57+00:00
289604562;XxHealedWingsxX;‚ãà ùí≤üçëùìÉùíΩüå∫ ùí≤‚òØùìáùìÅùíπ ùíüüå∫ùìÇùíæùìÉùí∂ùìâùíæ‚ô°ùìÉ ‚ãà;67;1304;77055;1;False;2011-04-28 22:57:31+00:00
3922664594;Oing_1021;Îã¥Îã§Îîî;3;700;22974;0;False;2015-10-17 07:52:40+00:00
460952381;greywonly;darr‚Ü∫;561;314;124868;6;False;2012-01-11 09:05:27+00:00
3789380599;HYUNLYWOO;moved;1231;1006;20772;14;False;2015-10-05 06:31:46+00:00
848801260497018880;icklve;ÀòÕà·µïÀòÕà;260;73;38718;0;False;2017-04-03 07:36:05+00:00
965938096398356480;neunroses;üèµ;94;163;174711;2;False;2018-02-20 13:16:03+00:00
854586012;namie_twt;namie ‚ó°Ãà shape of love‚ô°üáµüá™ (ia);834;1409;64651;8;False;2012-09-30 11:59:06+00:00
919939452356530176;IloveYooHamsta;Yoo Kihyunieee üêπ;457;480;14834;4;False;2017-10-16 14:53:51+00:00
1563507181;Ch_ang_kyun;Sharmaji ka ladka Shownu ‚ô°ÃÜÃà ‚ãà;626;789;42289;2;False;2013-07-02 15:47:11+00:00
892162659868659712;Laviejamonsta;Melmelada~üíï;478;544;49368;2;False;2017-07-31 23:18:48+00:00
4739669968;GIY0NGCHY;‚ò†Ô∏éÔ∏é;1242;445;71924;16;False;2016-01-08 00:52:43+00:00
1688187001;JoohoneyBias;MonWenee;354;276;57199;0;False;2013-08-21 12:10:28+00:00
846979341963677700;_ymmtz;üå∫ michii~„Ää‚ãà„Äãüê≥;256;621;24572;3;False;2017-03-29 06:56:26+00:00
864667636105445376;SchNerak7;MX ‚ù§ Nerak;244;235;89231;0;False;2017-05-17 02:23:24+00:00
903276066;514m_x;nollllllll_ja;5;76;3978;1;False;2012-10-25 05:41:10+00:00
945358927;minhyukwhales;Jati;3550;1678;99067;16;False;2012-11-13 07:35:19+00:00
263564027;hanniechul96;.;454;22;53889;0;False;2011-03-10 08:34:50+00:00
969250981111250944;kikithegoodbean;i‚Äôm the yOUNG FLEXER,c‚Äômon‚ú®;100;368;58432;0;False;2018-03-01 16:40:16+00:00
1068699521310437378;L0N3IYst;Î∞ÄÌÅ¨‚òªÔ∏é;675;1620;50867;3;False;2018-12-01 02:53:16+00:00
900455604053004290;Janaina22663274;Janaina CorreiaüéóüéÄ üêπüê∞üêªüê¢üê∂üê∫üêù;295;350;27942;0;False;2017-08-23 20:32:00+00:00
954396567494049792;___losted456;FIND YOU enthusiast (she/her);134;342;33519;1;False;2018-01-19 16:54:08+00:00
942666869688827904;ackreas;NoobWriter27;18;72;14761;0;False;2017-12-18 08:04:30+00:00
1022761281311272960;SeokieTokki;Î≤ÑÎãà üê∞üêªüêù;927;545;37982;11;False;2018-07-27 08:31:06+00:00
2420837491;shownuus;ÎÇò„Éä‚ó°Ãà;289;251;94377;15;False;2014-03-31 17:08:50+00:00
883206700873809921;nsmnykuu;minni üî©;2025;1912;34560;9;False;2017-07-07 06:11:01+00:00
191760056;PuppyMin_113;PuppyMin;150;361;121711;1;False;2010-09-17 08:18:14+00:00
994510113456046080;lattewonho;samuel | JOHNNY SUH MET GALA;401;1572;68230;3;False;2018-05-10 09:31:02+00:00
929274663259160577;shownusia;üåôüß∏;281;185;23796;2;False;2017-11-11 09:08:39+00:00
926662929608355840;kohai_haydee;Haydee;62;102;17588;1;False;2017-11-04 04:10:33+00:00
1057873027122118656;MXMB_love;üå∏ AYAKO üå∏ MX Ot7 ‚ô•Ô∏èhiatus;302;440;32916;0;False;2018-11-01 05:52:38+00:00
832565330597720064;himlsn;loraine;1410;876;92271;19;False;2017-02-17 12:20:17+00:00
887449228116492290;mintyoongod;phi ‚ú®;776;424;52789;10;False;2017-07-18 23:09:18+00:00
910899064257970177;istan7boys;abi;70;157;5910;0;False;2017-09-21 16:10:35+00:00
631083849;lilylkemonstax;LILY;2;919;11092;0;False;2012-07-09 11:11:39+00:00
94760665;Mrs_DongJun;zi ‚®ü D-255·ØΩ;926;1884;202212;10;False;2009-12-05 09:20:18+00:00
820699726341251072;mbbwenee1;Lilith ‚ô°;189;1092;84167;1;False;2017-01-15 18:30:37+00:00
989535559168147456;_chaeyoo;üå∏;1383;691;30363;9;False;2018-04-26 16:03:56+00:00
985781588570005504;kyunsilhouette;lori is inactive lol sorry;105;389;15501;1;False;2018-04-16 07:27:00+00:00
105464717;Livvyss;L‚ú®üêùüëëüçØ;456;425;140618;9;False;2010-01-16 12:26:27+00:00
93677822;Kerana_blue;April_Blue;272;802;13920;0;False;2009-11-30 17:49:12+00:00
1149559394;jenib2803;Jehny ‚ú®;926;1898;18549;3;False;2013-02-05 01:19:22+00:00
319257007;zyxsbalance;kellyüå±;334;459;77091;6;False;2011-06-17 20:27:47+00:00
957542485089189889;anykyun;juu;51;193;8032;1;False;2018-01-28 09:14:53+00:00
961907100975742976;coivqo;n;327;7;12793;5;False;2018-02-09 10:18:19+00:00
837633494360563712;monbaobao_fai;ùêπùí∂ùíæ;841;374;57010;18;False;2017-03-03 11:59:22+00:00
3029192906;VvirdAnna;Gita‚Ä¢;43;842;43260;0;False;2015-02-19 08:39:44+00:00
271471600;NTO3OK;‚ô°ÃÜÃà MinSmile ÔΩ°‚óï‚Äø‚óïÔΩ°;97;466;114543;3;False;2011-03-24 15:37:09+00:00
1065011685952503808;_nwkyun;nowi üñ§;173;152;22635;1;False;2018-11-20 22:39:07+00:00
785153507619852289;wonhonaesarang;ùôñùôôùôñ ‚ó°ÃàÔ∏é;692;1052;185034;5;False;2016-10-09 16:22:38+00:00
845320269501624321;MonstaHime;Tsubaki *Naoüéê #MONSTA_X;702;896;111854;4;False;2017-03-24 17:03:52+00:00
1029720685965467649;muccipicci7;MuchyPeachyüçë;98;134;13517;0;False;2018-08-15 13:25:17+00:00
861314466;Scar514;‚Äß‚ÇäÀö ùìëùì™ùì´ùìÆ Wonho #RushHour5thWin;1587;782;48997;9;False;2012-10-04 12:32:12+00:00
983583022531264513;khlaudhette;angela;803;566;37655;0;False;2018-04-10 05:50:41+00:00
855269694596456449;CherIhh25;‚ù§ CHW üòç;137;1289;29223;1;False;2017-04-21 03:59:20+00:00
1037470264978620417;annaaa_7514;anna‚ú® (long rest.);105;235;22653;2;False;2018-09-05 22:39:21+00:00
883116645488541696;chwyaa;üå∏;324;462;152862;4;False;2017-07-07 00:13:10+00:00
4676462300;kihxuni;‚ãà Rin ‚ãà;117;91;24593;1;False;2015-12-30 05:23:51+00:00
996486190315515904;stan_hyungmeme;‡∏´‡∏•‡∏∏‡∏°‡∏™‡∏¥‡∏ß‡∏ä‡∏≤‡∏á‡∏Å‡∏¢‡∏∏‡∏ô ÃÜÃàüíú;109;73;160328;0;False;2018-05-15 20:23:16+00:00
878874272952745984;mhn3rd;mhn3rd;94;384;64731;2;False;2017-06-25 07:15:30+00:00
2219072346;lmhisanangel;beautifulangel;16;111;14735;0;False;2013-11-28 07:05:24+00:00
1000017223199674369;ohmykihyuk;Anto ‚ú®;980;402;45404;30;False;2018-05-25 14:14:20+00:00
132689217;FabyLizarragaG;œùŒ±…ì∆¥üå∏„Éï„Ç°„Éìüê∞;1148;4976;135750;261;False;2010-04-13 22:54:20+00:00
2452498700;kris_nunuhoho;K R I S üî• ‚ù§Ô∏è;398;783;43590;1;False;2014-04-19 05:47:05+00:00
879775903366209536;Karenmxmbb;Karen HL;364;1078;83241;0;False;2017-06-27 18:58:15+00:00
270025948;Sofi_Stradlin;‚ãà MINYUKSO üá¶üá∑;167;236;7934;0;False;2011-03-21 21:34:53+00:00
916108236830384128;molksik;amy ‚ô° moved, check üìå;289;308;81924;20;False;2017-10-06 01:09:58+00:00
736959132406829056;ninjabroccli;broccoliüêä;67;454;24577;0;False;2016-05-29 16:35:24+00:00
847287770506711045;may14nov22;ÎßàÎ¶Ñ·∞î·©ö;741;54;43114;8;False;2017-03-30 03:22:01+00:00
4514725219;jiaerflawless;melo üçì;1230;520;69860;7;False;2015-12-10 05:16:57+00:00
747855308127625216;wonhofuI;eri | pinned üìå;790;130;255365;21;False;2016-06-28 18:12:54+00:00
976850212370239488;fromvichi;ÎπÑÏπò;3320;76;136207;18;False;2018-03-22 15:56:54+00:00
802155312190889984;Nanis9919;Changkuyn's girlfriend ‚ú®;119;62;79892;0;False;2016-11-25 14:21:44+00:00
765217357811838976;mxcmi;Camii;158;137;35825;1;False;2016-08-15 16:03:30+00:00
784843131132911616;ClaireHsu0604;monstaxbebe_;82;454;61414;2;False;2016-10-08 19:49:18+00:00
4864100307;Wonhexe;Í™îÃ§Ã´ üåïOBSESÕù∆ßIONüíú;145;207;144968;0;False;2016-01-30 15:44:38+00:00
852227547291168768;mincheriebebe;üçìÎ™¨Î≤± ‚ô°ÃÜÃà | selling monsta x pc üìå;133;328;37573;0;False;2017-04-12 18:30:55+00:00
900308002296680448;Xuan72073;ÏóòÎ∞îÏïºüçì@@;58;1028;37623;0;False;2017-08-23 10:45:29+00:00
950397273506160642;chaesarang911;Ïù¥Î¶ÑÏóÜÏùå;851;517;51535;3;False;2018-01-08 16:02:22+00:00
886132486555672576;lovehyun2000;üç∞;89;364;23145;0;False;2017-07-15 07:57:03+00:00
1038084872529530880;zara9698;üíú;215;777;99300;1;False;2018-09-07 15:21:35+00:00
3153536961;xjooheony;follow: find üåê –∫Œ±Œπ—è—É;291;781;28724;9;False;2015-04-10 12:01:52+00:00
219533266;chuuchw115;Ï∏Ñ;2558;168;136266;0;False;2010-11-25 03:44:03+00:00
1007795455835553792;zennanaa;ŸáÿßŸÖ ŸàŸàŸÜ-ÿ¨ŸäŸÜ üå¨;940;1425;49260;2;False;2018-06-16 01:22:15+00:00
895361099557593088;BlueFlower1096;‚ãàBlueFlower1096üôÉü§ê‚ãà;1456;995;1045412;13;False;2017-08-09 19:08:15+00:00
2824514155;kangkizka;Íπ°üê∫;47;1300;27413;0;False;2014-09-21 15:25:00+00:00
1001085835700260865;minwhale_;*‡¨ò(‡©≠*Àä·µïÀã)‡©≠* ‡©à‚ô°‚Äß‚ÇäÀö;244;649;44184;1;False;2018-05-28 13:00:37+00:00
1513934600;alwayssshownu;ÎäòÏÖîÎàÑ;16;53;19532;0;False;2013-06-13 17:04:36+00:00
781695566;official_kristy;‚ô°Kristy‚ô°‚Äôs Jules~‚ú®üíô;616;1170;99076;43;False;2012-08-26 04:38:56+00:00
915965665907023872;MXHoney_Dimples;Yvonne| hiatus üíõ;873;684;19765;1;False;2017-10-05 15:43:27+00:00
1066349272927485953;bel_rvargsmns;Bemons‚Å∑ ‚Ä¢ üëÅÔ∏è on you;189;376;32605;3;False;2018-11-24 15:14:13+00:00
826590446738632704;kaheicitap;mila;1021;912;44974;10;False;2017-02-01 00:38:14+00:00
859385493590388736;myglasses__0514;ÎÇ¥ ÏïµÍ≤Ω;12;445;142186;0;False;2017-05-02 12:34:03+00:00
761070579214524416;sunxijy;Nyna;557;553;246595;8;False;2016-08-04 05:25:40+00:00
794550859761795072;shichia8235;shi chia;17;319;105756;0;False;2016-11-04 14:44:21+00:00
157654128;changkyunslaugh;Ross√© ‚ãà;453;1489;31080;5;False;2010-06-20 13:13:24+00:00
883004391304843264;daye2524;Deb‚ô•Ô∏è;263;477;231126;2;False;2017-07-06 16:47:07+00:00
1044236544662396928;yaraline1;‚ù§Ô∏èel RT de los monsta x ‚ù§Ô∏è;204;837;24209;0;False;2018-09-24 14:46:08+00:00
3985840692;honiehoneyy;‡πÇ‡∏Æ‡∏ô‡∏¥‡∏Æ‡∏±‡∏ô‡∏ô‡∏µ‡πà ‡∏°‡∏µ‡∏™‡∏≤‡∏°‡∏µ‡∏ä‡∏∑‡πà‡∏≠‡∏Å‡∏µ‡∏Æ‡∏¢‡∏≠‡∏ô‡∏Ñ‡πà‡∏≤‡∏≤‡∏≤‡∏≤;412;352;173686;0;False;2015-10-23 01:07:47+00:00
48596719;DanielaLucero_;Danii ‚ù§Ô∏è üèÜ - - ‚Ä¢‚Ä¢‚Ä¢ #SHAPEofLOVE ‚Ä¢ MX7 ‚Ä¢;1577;683;152352;6;False;2009-06-19 03:33:18+00:00
984525775633186816;SnkMbWn;üíòüê¢x7(MHC);79;477;47625;0;False;2018-04-12 20:16:51+00:00
4440471734;minhyukkub;ÎØºÌòÅÏ∫Ö;300;1099;324293;2;False;2015-12-03 09:22:04+00:00
965592312767131648;changkyunaegi;nisa.;104;413;31920;3;False;2018-02-19 14:22:02+00:00
972020688960724992;P7AUG_; ï‚Ä¢·¥•‚Ä¢ î;48;146;60568;0;False;2018-03-09 08:06:06+00:00
171407805;PiifernloveSJ;‡∏™‡∏¥‡∏ö‡∏™‡∏≤‡∏°.–∫Œπ–º–∫Œπ–≤œÖ–º;725;1072;942304;9;False;2010-07-27 08:06:16+00:00
858517576741203973;mbbmx_7;m√ó ü•ë;145;150;9309;0;False;2017-04-30 03:05:15+00:00
2212617944;hoodawon;ùêáùêîùêÉùêÄ ‚ô°ÃÜÃà;2310;1895;76730;9;False;2013-11-24 15:08:09+00:00
1040550365039681538;Alice59423202;Take Jesus and be alive,–ø—Ä–∏–º–∏ –ò–∏—Å—É—Å–∞ –∏ –±—É–¥–µ—à—å –∂–∏—Ç—å;1119;1417;56829;0;False;2018-09-14 10:38:34+00:00
99718618;_NTk92;Íí∞  ï„Å£‚Ä¢·¥•‚Ä¢ î„Å£ ÍïÄ „Öá ‡∏ì‡∏ê‡∏Å. ‚ô°Ô∏éÍí±;1491;46;204434;7;False;2009-12-27 14:36:42+00:00
929585679293657088;sarangdoongie_;mini ‚ó°Ãà;35;191;76213;0;False;2017-11-12 05:44:31+00:00
926065810476490753;h_oneofakind;CLOSED.;60;236;31333;4;False;2017-11-02 12:37:49+00:00
930803511918411776;ThisLincolnian;The Lincolnian;735;34;667119;22;False;2017-11-15 14:23:45+00:00
2920258887;dakotafinancial;Dakota Financial;1540;40;1203556;76;False;2014-12-13 20:48:14+00:00
2525892205;intercooleronli;InterCooler;856;11;1273510;100;False;2014-05-26 21:20:18+00:00
877190174115024898;SwingTradeOTC;SwingTradeBot OTC;1672;22;98111;29;False;2017-06-20 15:43:29+00:00
1085072355481784320;BlogYomi;YomiBlog;98;0;111064;5;False;2019-01-15 07:13:03+00:00
2411431393;IRIS_CRM;IRIS CRM - Merchant Services & Payments CRM;540;791;23993;69;False;2014-03-25 19:14:40+00:00
989082007010512896;whatsonthorold2;WhatsOnThorold;313;0;483960;12;False;2018-04-25 10:01:41+00:00
989388221686730753;mmahotstuff1;Money Making Articles Hot Stuff;417;0;486584;11;False;2018-04-26 06:18:28+00:00
989379943946694656;reurope_stock;REurope;276;0;485113;9;False;2018-04-26 05:45:35+00:00
971695146902339584;The_CasualSmart;The Casual Smart;224;10;324673;5;False;2018-03-08 10:32:31+00:00
1006334607946649600;feed_stocks;Stocks News Feed;3693;104;483635;50;False;2018-06-12 00:37:22+00:00
989082007010512896;whatsonthorold2;WhatsOnThorold;313;0;483960;12;False;2018-04-25 10:01:41+00:00
989379943946694656;reurope_stock;REurope;276;0;485113;9;False;2018-04-26 05:45:35+00:00
768362079615127552;NordEkoNorge;Nordens Eko Norge;233;621;114741;3;False;2016-08-24 08:19:30+00:00
472650465;otcdynamics;OTC Dynamics, Inc.;6936;5;429344;189;False;2012-01-24 05:00:23+00:00
40173650;robinsnewswire;Global News Report;23845;16674;1922045;3669;False;2009-05-15 04:16:20+00:00
757477214690697217;_ONE_Broker;ONE Broker;401;413;5727;1;False;2016-07-25 07:26:56+00:00
1123269036;AshleyStott_1;Ashley Stott;93;205;10687;1;False;2013-01-26 22:07:40+00:00
44677439;ClassActionABD;ClassActionABD;1184;1376;56065;48;False;2009-06-04 18:09:05+00:00
2445619604;SeattlesBanker;Seattle's Banker;576;398;330072;147;False;2014-04-15 15:41:18+00:00
3318510966;CrweWorld;Crwe World;1007;2051;1384871;40;False;2015-08-18 10:21:05+00:00
561742581;TFPdaily;Trade For Profit üìà;16373;10931;638956;325;False;2012-04-24 02:32:10+00:00
3258070316;RazzleTazzleMag;RazzleTazzle;632;208;704100;94;False;2015-06-27 19:21:05+00:00
1069693680066420736;FlashAlert_me;Flash Alert;3774;0;1026797;115;False;2018-12-03 20:43:42+00:00
988408237249744896;HardHatJob;Hard Hat Jobs;157;150;108629;0;False;2018-04-23 13:24:22+00:00
714543038983495681;OtcBullsNet;OTC Bulls;480;0;43187;20;False;2016-03-28 20:01:50+00:00
763557177923481600;ChronLaw;ChronLAW | News for Legal Professionals;806;1070;884700;22;False;2016-08-11 02:06:32+00:00
4584354895;MITickWatcher;TickWatcher;5325;4820;77356;74;False;2015-12-17 12:19:55+00:00
3772910893;MarketWN;Market Wire News;60873;1792;51788;622;False;2015-10-03 18:47:09+00:00
1089978712685273090;Stock_Market_Pr;Stock Market News;29208;55;191012;206;False;2019-01-28 20:09:10+00:00
166539231;prpnews;PressReleasePoint;1759;1;1056980;267;False;2010-07-14 12:02:43+00:00
2181281054;WKRBNews;WKRB News;1269;9;1720338;141;False;2013-11-08 02:17:02+00:00
50760444;ThailandYoga;Blooming Lotus Yoga;1286;22;15677;16;False;2009-06-25 20:32:46+00:00
1979190776;TickerReport;Ticker Report;3951;41;2046538;194;False;2013-10-21 15:58:27+00:00
1069976397978963968;this_is_pa;Pawe≈Ç Sobik;71;355;1946;2;False;2018-12-04 15:27:07+00:00
4180995657;BGandG_Law;BG&G;51;346;576;0;False;2015-11-13 19:49:11+00:00
2525892205;intercooleronli;InterCooler;856;11;1273510;100;False;2014-05-26 21:20:18+00:00
2920258887;dakotafinancial;Dakota Financial;1540;40;1203556;76;False;2014-12-13 20:48:14+00:00
4759239404;fundswift;FundSwift;105;0;46949;3;False;2016-01-14 18:18:11+00:00
23059499;SeekingAlpha;Seeking Alpha;204990;75;883294;4933;False;2009-03-06 12:52:56+00:00
930803511918411776;ThisLincolnian;The Lincolnian;735;34;667119;22;False;2017-11-15 14:23:45+00:00
2266388972;midetimes;MidEast Times;681;45;1104630;87;False;2013-12-28 20:16:47+00:00
2338882843;dailypoliticaln;Daily Political;1396;10;1266439;84;False;2014-02-11 19:38:04+00:00
1085522233043443712;kreviewer1;kreviewer;110;0;171309;4;False;2019-01-16 13:00:43+00:00
353463744;banawedata;thewatcher;582;137;225348;63;False;2011-08-12 03:25:10+00:00
877190174115024898;SwingTradeOTC;SwingTradeBot OTC;1672;22;98111;29;False;2017-06-20 15:43:29+00:00
167432266;NewsworthyAI;Newsworthy.ai;2367;11;77484;280;False;2010-07-16 15:40:21+00:00
350341433;thechek_Fin;L.C.;88;256;68354;7;False;2011-08-07 16:24:41+00:00
1074326750186868741;Runze72701643;Runze;5;136;474;1;False;2018-12-16 15:33:52+00:00
4045650497;hren274;HN;1;19;0;1;False;2015-10-26 10:54:57+00:00
976297820532518914;NewsFromBW;Latest News from Business Wire;2496;24;380370;38;False;2018-03-21 03:21:53+00:00
21306486;StockGuruDotCom;StockGuru;8088;5381;267105;157;False;2009-02-19 15:17:36+00:00
757477214690697217;_ONE_Broker;ONE Broker;401;413;5727;1;False;2016-07-25 07:26:56+00:00
2181281054;WKRBNews;WKRB News;1269;9;1720338;141;False;2013-11-08 02:17:02+00:00
768362079615127552;NordEkoNorge;Nordens Eko Norge;233;621;114741;3;False;2016-08-24 08:19:30+00:00
877190174115024898;SwingTradeOTC;SwingTradeBot OTC;1672;22;98111;29;False;2017-06-20 15:43:29+00:00
34146256;jjjinvesting;Jeffrey Weber;158233;170616;147131;1275;False;2009-04-22 02:23:06+00:00
1085522233043443712;kreviewer1;kreviewer;110;0;171309;4;False;2019-01-16 13:00:43+00:00
21306486;StockGuruDotCom;StockGuru;8088;5381;267105;157;False;2009-02-19 15:17:36+00:00
877252219120353281;sep_sal;Sep Sal;112;1033;64301;0;False;2017-06-20 19:50:02+00:00
15296897;MarketCurrents;Breaking News;81836;1;943072;2509;False;2008-07-02 10:38:58+00:00
23059499;SeekingAlpha;Seeking Alpha;204990;75;883294;4933;False;2009-03-06 12:52:56+00:00
1111185334337830912;puttesla;notoshort;3;22;29;0;False;2019-03-28 08:36:43+00:00
2920258887;dakotafinancial;Dakota Financial;1540;40;1203556;76;False;2014-12-13 20:48:14+00:00
472650465;otcdynamics;OTC Dynamics, Inc.;6936;5;429344;189;False;2012-01-24 05:00:23+00:00
44677439;ClassActionABD;ClassActionABD;1184;1376;56065;48;False;2009-06-04 18:09:05+00:00
2229274855;cardlessnews;Cardless;228;241;105769;205;False;2013-12-04 04:16:44+00:00
15144184;MyPE;Gqeberha;6393;1;116378;96;False;2008-06-17 10:22:43+00:00
3318510966;CrweWorld;Crwe World;1007;2051;1384871;40;False;2015-08-18 10:21:05+00:00
1069693680066420736;FlashAlert_me;Flash Alert;3774;0;1026797;115;False;2018-12-03 20:43:42+00:00
40173650;robinsnewswire;Global News Report;23845;16674;1922045;3669;False;2009-05-15 04:16:20+00:00
1006334607946649600;feed_stocks;Stocks News Feed;3693;104;483635;50;False;2018-06-12 00:37:22+00:00
4759239404;fundswift;FundSwift;105;0;46949;3;False;2016-01-14 18:18:11+00:00
2266388972;midetimes;MidEast Times;681;45;1104630;87;False;2013-12-28 20:16:47+00:00
2338882843;dailypoliticaln;Daily Political;1396;10;1266439;84;False;2014-02-11 19:38:04+00:00
1979190776;TickerReport;Ticker Report;3951;41;2046538;194;False;2013-10-21 15:58:27+00:00
4584354895;MITickWatcher;TickWatcher;5325;4820;77356;74;False;2015-12-17 12:19:55+00:00
1089978712685273090;Stock_Market_Pr;Stock Market News;29208;55;191012;206;False;2019-01-28 20:09:10+00:00
72928001;Briefingcom;Briefing.com;31578;3703;497068;1371;False;2009-09-09 19:23:53+00:00
926793032;firsttomarkets;FirstToMarkets;1182;45;165501;244;False;2012-11-05 03:52:56+00:00
436707351;534Fourthave;Tom Renna;1077;299;21354;98;False;2011-12-14 13:32:35+00:00
1090344836484550661;StockSentry;Stock Sentry;83;85;566;1;False;2019-01-29 20:24:01+00:00
226828258;financialbuzz;Financial Buzz;28229;20;657293;665;False;2010-12-15 05:20:46+00:00
82832569;weijgenberger;bill eijgenberger;180;13;57439;9;False;2009-10-16 08:35:46+00:00
1084832449467768832;UlmHi;HiNewUlm;81;0;111135;5;False;2019-01-14 15:19:45+00:00
1107669555466256384;LarsAdam1;LarsAdam;7;19;148;0;False;2019-03-18 15:46:16+00:00
2862151648;desktrading;DeskTrading;649;453;68244;2;False;2014-11-05 08:50:35+00:00
2181281054;WKRBNews;WKRB News;1269;9;1720338;141;False;2013-11-08 02:17:02+00:00
3122187429;stocktradernoob;Stocktrader Noob;61;196;3660;2;False;2015-03-27 20:53:01+00:00
23464514;distanceswimmer;Richard Timms;11;1;0;0;False;2009-03-09 17:30:56+00:00
3772910893;MarketWN;Market Wire News;60873;1792;51788;622;False;2015-10-03 18:47:09+00:00
2433919052;FMEXC;FMEXC;63;163;414;2;False;2014-04-08 16:49:52+00:00
1001192245;TalkMarkets;TalkMarkets;5180;1138;308629;597;False;2012-12-10 07:55:31+00:00
989379943946694656;reurope_stock;REurope;276;0;485113;9;False;2018-04-26 05:45:35+00:00
877190174115024898;SwingTradeOTC;SwingTradeBot OTC;1672;22;98111;29;False;2017-06-20 15:43:29+00:00
1085522233043443712;kreviewer1;kreviewer;110;0;171309;4;False;2019-01-16 13:00:43+00:00
1006334607946649600;feed_stocks;Stocks News Feed;3693;104;483635;50;False;2018-06-12 00:37:22+00:00
44677439;ClassActionABD;ClassActionABD;1184;1376;56065;48;False;2009-06-04 18:09:05+00:00
472650465;otcdynamics;OTC Dynamics, Inc.;6936;5;429344;189;False;2012-01-24 05:00:23+00:00
1089978712685273090;Stock_Market_Pr;Stock Market News;29208;55;191012;206;False;2019-01-28 20:09:10+00:00
3318510966;CrweWorld;Crwe World;1007;2051;1384871;40;False;2015-08-18 10:21:05+00:00
877252219120353281;sep_sal;Sep Sal;112;1033;64301;0;False;2017-06-20 19:50:02+00:00
15296897;MarketCurrents;Breaking News;81836;1;943072;2509;False;2008-07-02 10:38:58+00:00
989388221686730753;mmahotstuff1;Money Making Articles Hot Stuff;417;0;486584;11;False;2018-04-26 06:18:28+00:00
989082007010512896;whatsonthorold2;WhatsOnThorold;313;0;483960;12;False;2018-04-25 10:01:41+00:00
2687367116;FPSwatchlist;HOTSTOCKüçø;1326;421;30030;25;False;2014-07-28 12:06:33+00:00
23059499;SeekingAlpha;Seeking Alpha;204990;75;883294;4933;False;2009-03-06 12:52:56+00:00
1023968897567866881;FRONTPAGEARMY2;üíØ#FRONTPAGESTOCKS;708;98;12328;17;False;2018-07-30 16:29:44+00:00
1083567738264576000;FrontPageArmy;üíØ #FRONTPAGESTOCKS ARMYüì¢;579;212;10540;8;False;2019-01-11 03:34:15+00:00
166539231;prpnews;PressReleasePoint;1759;1;1056980;267;False;2010-07-14 12:02:43+00:00
926793032;firsttomarkets;FirstToMarkets;1182;45;165501;244;False;2012-11-05 03:52:56+00:00
989388221686730753;mmahotstuff1;Money Making Articles Hot Stuff;417;0;486584;11;False;2018-04-26 06:18:28+00:00
23059499;SeekingAlpha;Seeking Alpha;204990;75;883294;4933;False;2009-03-06 12:52:56+00:00
2181281054;WKRBNews;WKRB News;1269;9;1720338;141;False;2013-11-08 02:17:02+00:00
877190174115024898;SwingTradeOTC;SwingTradeBot OTC;1672;22;98111;29;False;2017-06-20 15:43:29+00:00
930803511918411776;ThisLincolnian;The Lincolnian;735;34;667119;22;False;2017-11-15 14:23:45+00:00
1979190776;TickerReport;Ticker Report;3951;41;2046538;194;False;2013-10-21 15:58:27+00:00
4887078666;bigbluecup721;Cedric Stocks;329;39;37091;61;False;2016-02-10 08:51:22+00:00
23059499;SeekingAlpha;Seeking Alpha;204990;75;883294;4933;False;2009-03-06 12:52:56+00:00
2197054086;IHNewsDesk;IH News Desk;1078;397;393762;191;False;2013-11-16 03:54:44+00:00
2266388972;midetimes;MidEast Times;681;45;1104630;87;False;2013-12-28 20:16:47+00:00
2338882843;dailypoliticaln;Daily Political;1396;10;1266439;84;False;2014-02-11 19:38:04+00:00
2181281054;WKRBNews;WKRB News;1269;9;1720338;141;False;2013-11-08 02:17:02+00:00
4584354895;MITickWatcher;TickWatcher;5325;4820;77356;74;False;2015-12-17 12:19:55+00:00
3772910893;MarketWN;Market Wire News;60873;1792;51788;622;False;2015-10-03 18:47:09+00:00
877190174115024898;SwingTradeOTC;SwingTradeBot OTC;1672;22;98111;29;False;2017-06-20 15:43:29+00:00
4584354895;MITickWatcher;TickWatcher;5325;4820;77356;74;False;2015-12-17 12:19:55+00:00
751404544777564160;financhill;Financhill;262;167;43153;17;False;2016-07-08 13:16:18+00:00
1979190776;TickerReport;Ticker Report;3951;41;2046538;194;False;2013-10-21 15:58:27+00:00
1150509674828947456;SoniaAssociates;Sonia So and Associates;36;173;160139;0;False;2019-07-14 20:57:36+00:00
773578537764851712;SiteFocusHQ;SiteFocus;189;35;57439;6;False;2016-09-07 17:47:50+00:00
23059499;SeekingAlpha;Seeking Alpha;204990;75;883294;4933;False;2009-03-06 12:52:56+00:00
930803511918411776;ThisLincolnian;The Lincolnian;735;34;667119;22;False;2017-11-15 14:23:45+00:00
2266388972;midetimes;MidEast Times;681;45;1104630;87;False;2013-12-28 20:16:47+00:00
2338882843;dailypoliticaln;Daily Political;1396;10;1266439;84;False;2014-02-11 19:38:04+00:00
67066114;dhovekamp42;`((,(Dieter 'Hovekamp)))üá∫üá¶üë•ü§ùüë•üá∑üá∫ ‚òÆÔ∏èüïäÔ∏è;3938;1978;75534;230;False;2009-08-19 17:45:22+00:00
818081647;AnalystWire;SIAnalystWire;4949;1;118683;227;False;2012-09-11 19:57:26+00:00
4584354895;MITickWatcher;TickWatcher;5325;4820;77356;74;False;2015-12-17 12:19:55+00:00
1979190776;TickerReport;Ticker Report;3951;41;2046538;194;False;2013-10-21 15:58:27+00:00
2181281054;WKRBNews;WKRB News;1269;9;1720338;141;False;2013-11-08 02:17:02+00:00
751404544777564160;financhill;Financhill;262;167;43153;17;False;2016-07-08 13:16:18+00:00
3772910893;MarketWN;Market Wire News;60873;1792;51788;622;False;2015-10-03 18:47:09+00:00
2266388972;midetimes;MidEast Times;681;45;1104630;87;False;2013-12-28 20:16:47+00:00
2338882843;dailypoliticaln;Daily Political;1396;10;1266439;84;False;2014-02-11 19:38:04+00:00
1006334607946649600;feed_stocks;Stocks News Feed;3693;104;483635;50;False;2018-06-12 00:37:22+00:00
3318510966;CrweWorld;Crwe World;1007;2051;1384871;40;False;2015-08-18 10:21:05+00:00
23059499;SeekingAlpha;Seeking Alpha;204990;75;883294;4933;False;2009-03-06 12:52:56+00:00
393202608;NewsFromSPI;SPI News;2495;1381;682880;195;False;2011-10-18 05:25:04+00:00
82832569;weijgenberger;bill eijgenberger;180;13;57440;9;False;2009-10-16 08:35:46+00:00
2383717754;TrdngDrivatives;Trading Derivatives;1089;727;219496;584;False;2014-03-11 13:28:00+00:00
930803511918411776;ThisLincolnian;The Lincolnian;735;34;667119;22;False;2017-11-15 14:23:45+00:00
842016584386277377;Mafia_Medium;üì°ü¶ªü§ØüîÆMafia Medium,Mafia Signal,Mafia Zero Point;779;4254;71480;26;False;2017-03-15 14:16:12+00:00
40173650;robinsnewswire;Global News Report;23845;16674;1922045;3669;False;2009-05-15 04:16:20+00:00
472650465;otcdynamics;OTC Dynamics, Inc.;6936;5;429344;189;False;2012-01-24 05:00:23+00:00
4584354895;MITickWatcher;TickWatcher;5325;4820;77356;74;False;2015-12-17 12:19:55+00:00
26585826;Horustoo;Joseph;664;673;125570;189;False;2009-03-25 20:42:05+00:00
1979190776;TickerReport;Ticker Report;3951;41;2046538;194;False;2013-10-21 15:58:27+00:00
818081647;AnalystWire;SIAnalystWire;4949;1;118683;227;False;2012-09-11 19:57:26+00:00
82832569;weijgenberger;bill eijgenberger;180;13;57440;9;False;2009-10-16 08:35:46+00:00
1136370591517290496;Gambiste1;Joe Gambiste;16027;0;1738469;181;False;2019-06-05 20:33:56+00:00
963495628545327104;StckPro;STCK.PRO;4924;18;557746;87;False;2018-02-13 19:30:33+00:00
23059499;SeekingAlpha;Seeking Alpha;204990;75;883294;4933;False;2009-03-06 12:52:56+00:00
15296897;MarketCurrents;Breaking News;81836;1;943072;2509;False;2008-07-02 10:38:58+00:00
2266388972;midetimes;MidEast Times;681;45;1104630;87;False;2013-12-28 20:16:47+00:00
2338882843;dailypoliticaln;Daily Political;1396;10;1266439;84;False;2014-02-11 19:38:04+00:00
2181281054;WKRBNews;WKRB News;1269;9;1720338;141;False;2013-11-08 02:17:02+00:00
2920258887;dakotafinancial;Dakota Financial;1540;40;1203556;76;False;2014-12-13 20:48:14+00:00
1979190776;TickerReport;Ticker Report;3951;41;2046538;194;False;2013-10-21 15:58:27+00:00
842016584386277377;Mafia_Medium;üì°ü¶ªü§ØüîÆMafia Medium,Mafia Signal,Mafia Zero Point;779;4254;71480;26;False;2017-03-15 14:16:12+00:00
818081647;AnalystWire;SIAnalystWire;4949;1;118683;227;False;2012-09-11 19:57:26+00:00
1134049078424162304;newsfilterio;Investor News;22734;179;1069045;423;False;2019-05-30 10:49:04+00:00
3772910893;MarketWN;Market Wire News;60873;1792;51788;622;False;2015-10-03 18:47:09+00:00
82832569;weijgenberger;bill eijgenberger;180;13;57440;9;False;2009-10-16 08:35:46+00:00
2383717754;TrdngDrivatives;Trading Derivatives;1089;727;219496;584;False;2014-03-11 13:28:00+00:00
963495628545327104;StckPro;STCK.PRO;4924;18;557746;87;False;2018-02-13 19:30:33+00:00
23059499;SeekingAlpha;Seeking Alpha;204990;75;883294;4933;False;2009-03-06 12:52:56+00:00
930803511918411776;ThisLincolnian;The Lincolnian;735;34;667119;22;False;2017-11-15 14:23:45+00:00
1979190776;TickerReport;Ticker Report;3951;41;2046538;194;False;2013-10-21 15:58:27+00:00
2266388972;midetimes;MidEast Times;681;45;1104630;87;False;2013-12-28 20:16:47+00:00
2338882843;dailypoliticaln;Daily Political;1396;10;1266439;84;False;2014-02-11 19:38:04+00:00
4584354895;MITickWatcher;TickWatcher;5325;4820;77356;74;False;2015-12-17 12:19:55+00:00
2964381029;S3Partners;S3 Partners;41134;618;4537;331;True;2015-01-06 15:50:03+00:00
1222050256076136449;StuePitt;Stue Pitt;7;47;225;0;False;2020-01-28 07:02:12+00:00
702154317596336128;ihors3;Ihor Dusaniwsky;82594;4508;8210;841;True;2016-02-23 15:33:29+00:00
2615086656;skoppisetti73;SK;15;78;75;0;False;2014-07-10 08:52:06+00:00
1185224989529792513;JohannesKlein19;Johannes Klein;41;117;1740;0;False;2019-10-18 16:04:02+00:00
1979190776;TickerReport;Ticker Report;3951;41;2046538;194;False;2013-10-21 15:58:27+00:00
2920258887;dakotafinancial;Dakota Financial;1540;40;1203556;76;False;2014-12-13 20:48:14+00:00
3772910893;MarketWN;Market Wire News;60873;1792;51788;622;False;2015-10-03 18:47:09+00:00
1095261591203966976;Kaan24263371;Aslan;103;146;4677;4;False;2019-02-12 10:01:27+00:00
23059499;SeekingAlpha;Seeking Alpha;204990;75;883294;4933;False;2009-03-06 12:52:56+00:00
82832569;weijgenberger;bill eijgenberger;180;13;57441;9;False;2009-10-16 08:35:46+00:00
749408244;carl_korn;Carl Kornüá∫üá¶;568;1002;7001;19;False;2012-08-10 13:59:55+00:00
963495628545327104;StckPro;STCK.PRO;4924;18;557746;87;False;2018-02-13 19:30:33+00:00
2181281054;WKRBNews;WKRB News;1269;9;1720338;141;False;2013-11-08 02:17:02+00:00
82832569;weijgenberger;bill eijgenberger;180;13;57441;9;False;2009-10-16 08:35:46+00:00
963495628545327104;StckPro;STCK.PRO;4924;18;557746;87;False;2018-02-13 19:30:33+00:00
23059499;SeekingAlpha;Seeking Alpha;204990;75;883294;4933;False;2009-03-06 12:52:56+00:00
1136370591517290496;Gambiste1;Joe Gambiste;16027;0;1738469;181;False;2019-06-05 20:33:56+00:00
2383717754;TrdngDrivatives;Trading Derivatives;1089;727;219496;584;False;2014-03-11 13:28:00+00:00
930803511918411776;ThisLincolnian;The Lincolnian;735;34;667119;22;False;2017-11-15 14:23:45+00:00
2181281054;WKRBNews;WKRB News;1269;9;1720338;141;False;2013-11-08 02:17:02+00:00
2964381029;S3Partners;S3 Partners;41134;618;4537;331;True;2015-01-06 15:50:03+00:00
702154317596336128;ihors3;Ihor Dusaniwsky;82594;4508;8210;841;True;2016-02-23 15:33:29+00:00
1222050256076136449;StuePitt;Stue Pitt;7;47;225;0;False;2020-01-28 07:02:12+00:00
73843323;LYAdvisory;Lev;568;5000;9190;42;False;2009-09-13 08:19:31+00:00
19811837;aktionaer;DER AKTION√ÑR;30833;1879;92054;638;True;2009-01-31 11:11:51+00:00
923525952444829696;RealMarcMueller;Hanso SchimpansoüïäÔ∏è;428;954;11666;2;False;2017-10-26 12:25:20+00:00
930803511918411776;ThisLincolnian;The Lincolnian;735;34;667119;22;False;2017-11-15 14:23:45+00:00
2181281054;WKRBNews;WKRB News;1269;9;1720338;141;False;2013-11-08 02:17:02+00:00
818081647;AnalystWire;SIAnalystWire;4949;1;118683;227;False;2012-09-11 19:57:26+00:00
2920258887;dakotafinancial;Dakota Financial;1540;40;1203556;76;False;2014-12-13 20:48:14+00:00
2266388972;midetimes;MidEast Times;681;45;1104630;87;False;2013-12-28 20:16:47+00:00
2338882843;dailypoliticaln;Daily Political;1396;10;1266439;84;False;2014-02-11 19:38:04+00:00
1979190776;TickerReport;Ticker Report;3951;41;2046538;194;False;2013-10-21 15:58:27+00:00
1140234958549766149;TEV_Blog;The European View;155;62;496;1;False;2019-06-16 12:29:33+00:00
1095261591203966976;Kaan24263371;Aslan;103;146;4677;4;False;2019-02-12 10:01:27+00:00
392388185;fanaticHH;fanatic;166;91;9796;5;False;2011-10-16 23:34:21+00:00
1929600979;AIMhonesty;Fraser Perring - Grand Poobah of ‚Äúcriminal‚Äù shorts;17872;98;9218;245;False;2013-10-03 06:06:37+00:00
801527311;HasguHans;Hans Guenter üá™üá∫;299;2080;658;5;False;2012-09-04 00:43:51+00:00
1159698800790953984;blvddemoulin;A.Barendrecht;158;958;5473;0;False;2019-08-09 05:31:55+00:00
82832569;weijgenberger;bill eijgenberger;180;13;57441;9;False;2009-10-16 08:35:46+00:00
115110591;fraumedia;Anna Klinge;501;1351;1804;16;False;2010-02-17 16:57:31+00:00
869873946145038336;KarlDischler;Kal Dischler;62;44;728;3;False;2017-05-31 11:11:25+00:00
874160453022359554;CentTrader1;CentTrader1;150;27;3293;0;False;2017-06-12 07:04:27+00:00
23059499;SeekingAlpha;Seeking Alpha;204990;75;883294;4933;False;2009-03-06 12:52:56+00:00
963495628545327104;StckPro;STCK.PRO;4924;18;557746;87;False;2018-02-13 19:30:33+00:00
3772910893;MarketWN;Market Wire News;60873;1792;51788;622;False;2015-10-03 18:47:09+00:00
2920258887;dakotafinancial;Dakota Financial;1540;40;1203556;76;False;2014-12-13 20:48:14+00:00
818081647;AnalystWire;SIAnalystWire;4949;1;118683;227;False;2012-09-11 19:57:26+00:00
1140234958549766149;TEV_Blog;The European View;155;62;496;1;False;2019-06-16 12:29:33+00:00
34146256;jjjinvesting;Jeffrey Weber;158234;170616;147132;1275;False;2009-04-22 02:23:06+00:00
2383717754;TrdngDrivatives;Trading Derivatives;1089;727;219496;584;False;2014-03-11 13:28:00+00:00
2338882843;dailypoliticaln;Daily Political;1396;10;1266439;84;False;2014-02-11 19:38:04+00:00
347382527;bernlieb;Bernstein Liebhard;64;221;470;0;False;2011-08-02 18:24:08+00:00
153682927;IdrisTrades;Prince Idris;2899;0;35458;69;False;2010-06-09 05:18:23+00:00
2383717754;TrdngDrivatives;Trading Derivatives;1089;727;219496;584;False;2014-03-11 13:28:00+00:00
23059499;SeekingAlpha;Seeking Alpha;204990;75;883294;4933;False;2009-03-06 12:52:56+00:00
50425887;RoodGridance;KenüôÇ;3568;3696;268527;68;False;2009-06-24 20:30:14+00:00
44060322;Benzinga;Benzinga;237971;1955;178855;4629;True;2009-06-02 04:43:10+00:00
51630942;Georgekonline;GK Trades üÜôÔ∏è;1815;627;7097;24;False;2009-06-28 02:50:01+00:00
121158213;AlertTrade;Trade Alerts, Trade Ideas and Crypto üá∫üá∏;172405;154560;2564588;2581;False;2010-03-08 16:14:34+00:00
99737856;GetScanz;Scanz;16659;764;9109;221;False;2009-12-27 16:35:15+00:00
129897564;Stockwatch;Stockwatch;2016;16;21863;31;False;2010-04-05 18:55:41+00:00
602615258;charlesthecab;#LondonTaxi;2641;5001;72969;142;False;2012-06-08 09:33:42+00:00
3209968438;no1trublue;Cabbie MM UTAG17;983;972;32860;52;False;2015-04-26 22:56:23+00:00
864494442;AtlasCarsLondon;Atlas Cars of London;1057;1200;4655;17;False;2012-10-06 10:52:40+00:00
1171873456276889600;investor_feed;Docoh Feed;514;7;307885;14;False;2019-09-11 19:50:02+00:00
3070097967;PaulDDDaughters;Paul;2905;1631;91056;25;False;2015-03-04 15:24:07+00:00
970426992704344067;stockbeat;Ford Austin;18;8;211;1;False;2018-03-04 22:33:19+00:00
821070891350106114;BiggerPicture3;Bigger Picture;298;1033;2311;7;False;2017-01-16 19:05:30+00:00
993922224305397760;GammonSense;Common Sense üá¨üáßü§îüá¨üáß;194;434;1577;0;False;2018-05-08 18:34:59+00:00
813296683777949697;AndyCabby10;Andy #UTAG #ITA‚≠ïÔ∏è #DDD;2258;2044;55628;14;False;2016-12-26 08:13:34+00:00
2577305225;cargill_taxi;cargimiargi;1591;1913;21860;26;False;2014-06-02 11:49:35+00:00
723071761;JackieC5225;Jackie;1385;611;109671;67;False;2012-07-29 00:29:28+00:00
2796039596;speakoutsodem;who?????me;945;1035;87147;4;False;2014-09-07 14:34:25+00:00
955742837802520578;tommyparry1;tommy parry;1012;555;19510;3;False;2018-01-23 10:03:44+00:00
2949599883;lennythepen;Lenny Etheridge ‚≠ï;4574;209;120761;74;False;2014-12-29 17:33:19+00:00
1040250466096041984;DddFeargal;Feargal Ddd;111;106;19310;0;False;2018-09-13 14:46:52+00:00
3160574577;workingcabbie;Rick O'Shea;2096;2689;94177;52;False;2015-04-12 17:32:57+00:00
948806472531505152;C_A_Lott;Charlotte H;883;1426;66784;4;False;2018-01-04 06:41:05+00:00
972320856;ossien1;#ossietheludditeDDD;2323;572;233937;126;False;2012-11-26 17:00:19+00:00
376860551;AQ5446;Big Al;577;3984;22493;163;False;2011-09-20 16:28:28+00:00
1282789448;MabtheCab;MabtheCab #UTAG #LCDC #LTPR;652;1774;9220;2;False;2013-03-20 09:16:30+00:00
853242250238853121;ConanTheCabbie1;Conan;408;361;5615;0;False;2017-04-15 13:42:59+00:00
814200644051603456;Pinkribbonmark2;Karen;2861;2668;44426;20;False;2016-12-28 20:05:35+00:00
184462754;manized69;manized;342;111;27252;10;False;2010-08-29 16:35:19+00:00
727385565000269826;JoCottle1;Jo üíñ;917;1091;11210;0;False;2016-05-03 06:33:27+00:00
923524328762769410;samthecabby;samthecab;621;989;9569;1;False;2017-10-26 12:18:53+00:00
3682822515;sharks1334;Support taxiapp and utag where buses go we go;3275;4789;244361;94;False;2015-09-17 06:26:55+00:00
29195781;kimbarrett;kim barrett;1589;2397;75715;3;False;2009-04-06 13:06:44+00:00
3772910893;MarketWN;Market Wire News;60873;1792;51788;622;False;2015-10-03 18:47:09+00:00
1006334607946649600;feed_stocks;Stocks News Feed;3693;104;483635;50;False;2018-06-12 00:37:22+00:00
1089978712685273090;Stock_Market_Pr;Stock Market News;29208;55;191012;206;False;2019-01-28 20:09:10+00:00
963495628545327104;StckPro;STCK.PRO;4924;18;557746;87;False;2018-02-13 19:30:33+00:00
1131915680608063488;Snark150;Sesquicentennial Snark;550;543;16944;6;False;2019-05-24 13:31:43+00:00
1132998544825212933;TheExhuberant;Thucydides Trap House;76;1169;6269;0;False;2019-05-27 13:14:37+00:00
1133750130421714944;Cpt_RDubya;Cpt. R Dubya;341;311;10005;12;False;2019-05-29 15:01:09+00:00
249834807;TFMetals;TF Metals Report;51034;33;49382;788;False;2011-02-09 21:51:12+00:00
4759239404;fundswift;FundSwift;105;0;46949;3;False;2016-01-14 18:18:11+00:00
503464056;LaziestofDans;Dan Osborne;1738;428;34816;47;False;2012-02-25 19:50:40+00:00
721481843162406912;ContrarianShort;ContrarianShort;8848;2183;25534;186;False;2016-04-16 23:34:10+00:00
567425171;MagnoliaG2012;Magnolia Gallery;1447;1343;93382;36;False;2012-04-30 18:09:46+00:00
1209952412338991104;TheFortuneTell5;The Fortune Teller @ Wheel of Fortune;790;47;6754;12;False;2019-12-25 21:42:22+00:00
1001192245;TalkMarkets;TalkMarkets;5180;1138;308631;597;False;2012-12-10 07:55:31+00:00
3139418231;ND_Pete;‚úñÔ∏è Ethereal, AFM ‚úñÔ∏è;2074;1565;43651;20;False;2015-04-06 06:34:22+00:00
15296897;MarketCurrents;Breaking News;81836;1;943073;2508;False;2008-07-02 10:38:58+00:00
1979190776;TickerReport;Ticker Report;3951;41;2046538;194;False;2013-10-21 15:58:27+00:00
2266388972;midetimes;MidEast Times;681;45;1104630;87;False;2013-12-28 20:16:47+00:00
2338882843;dailypoliticaln;Daily Political;1396;10;1266439;84;False;2014-02-11 19:38:04+00:00
930803511918411776;ThisLincolnian;The Lincolnian;735;34;667119;22;False;2017-11-15 14:23:45+00:00
353463744;banawedata;thewatcher;582;137;225348;63;False;2011-08-12 03:25:10+00:00
842016584386277377;Mafia_Medium;üì°ü¶ªü§ØüîÆMafia Medium,Mafia Signal,Mafia Zero Point;779;4254;71480;26;False;2017-03-15 14:16:12+00:00
1069693680066420736;FlashAlert_me;Flash Alert;3774;0;1026803;115;False;2018-12-03 20:43:42+00:00
494299332;Outrageous__fun;üá∫üá∏ Billy Bob üíéüôåüèºüíéüï∫üèª;2084;2311;7559;25;False;2012-02-16 19:04:04+00:00
472650465;otcdynamics;OTC Dynamics, Inc.;6936;5;429344;189;False;2012-01-24 05:00:23+00:00
3318510966;CrweWorld;Crwe World;1007;2051;1384871;40;False;2015-08-18 10:21:05+00:00
931619061280268290;DivergentVentur;Divergent Ventur;1645;279;10013;38;False;2017-11-17 20:24:27+00:00
1077850658;PrivateCapBlog;PrivateCapBlogger;374;816;56133;68;False;2013-01-10 22:17:39+00:00
1100450877792370688;equity_newswire;Corporate News;230;0;45812;11;False;2019-02-26 17:41:49+00:00
113974427;iamjoseph0;George Madden;38;35;205;2;False;2010-02-13 17:22:15+00:00
2964569193;ScalpMaster1;Jared Wesley;40340;5665;10275;435;False;2015-01-06 17:38:50+00:00
250840021;brooklyn91941;phil sloan;658;988;46345;17;False;2011-02-11 22:37:24+00:00
753586928361046016;newspads;NewsPad ü•ä;1478;878;42417;33;False;2016-07-14 13:48:19+00:00
2964381029;S3Partners;S3 Partners;41134;618;4537;331;True;2015-01-06 15:50:03+00:00
3209498248;DugganSense;Wayne Duggan;1327;140;3677;64;True;2015-04-26 21:01:57+00:00
1096732671466766337;RainmakerLegacy;Financial Rainmaker;150;576;958;2;False;2019-02-16 11:26:59+00:00
1248904924697632768;YuMiStocksTrade;YuMiStocksTrade;1489;927;37747;13;False;2020-04-11 09:25:20+00:00
1134049078424162304;newsfilterio;Investor News;22734;179;1069046;423;False;2019-05-30 10:49:04+00:00
106828068;WildBillGates1;Wild Bill Gates Is it THAT important?;113;184;4444;3;False;2010-01-20 20:38:59+00:00
266143766;AccesswireNews;AccesswireNews;2407;542;91949;45;False;2011-03-14 18:55:49+00:00
1261565141759516677;DomeBo207;Dominic Borst;3;116;24;5;False;2020-05-16 07:52:32+00:00
43775786;stoolpresidente;Dave Portnoy;2749640;1405;89144;6986;False;2009-05-31 23:08:06+00:00
2920258887;dakotafinancial;Dakota Financial;1540;40;1203556;76;False;2014-12-13 20:48:14+00:00
1089978712685273090;Stock_Market_Pr;Stock Market News;29208;55;191012;206;False;2019-01-28 20:09:10+00:00
472650465;otcdynamics;OTC Dynamics, Inc.;6936;5;429344;189;False;2012-01-24 05:00:23+00:00
3318510966;CrweWorld;Crwe World;1007;2051;1384871;40;False;2015-08-18 10:21:05+00:00
1006334607946649600;feed_stocks;Stocks News Feed;3693;104;483635;50;False;2018-06-12 00:37:22+00:00
51630942;Georgekonline;GK Trades üÜôÔ∏è;1815;627;7097;24;False;2009-06-28 02:50:01+00:00
1213805916048384000;Patrick30373175;Patrick Chege;8;7;17611;0;False;2020-01-05 12:54:26+00:00
1069693680066420736;FlashAlert_me;Flash Alert;3774;0;1026803;115;False;2018-12-03 20:43:42+00:00
724539031581675520;phill_stevan;Phill Stevan;694;254;164977;457;False;2016-04-25 10:02:21+00:00
1199800417821048834;ETFsStockPicker;ETF Screener & Stock Picker;507;158;209545;3;False;2019-11-27 21:21:43+00:00
226828258;financialbuzz;Financial Buzz;28229;20;657293;665;False;2010-12-15 05:20:46+00:00
1100450877792370688;equity_newswire;Corporate News;230;0;45812;11;False;2019-02-26 17:41:49+00:00
309395444;_Beauty_Skin;Beauty Skin;738;652;39209;65;False;2011-06-02 01:09:43+00:00
1045289088289361920;_SEOMatic;SEOMatic;501;156;30616;7;False;2018-09-27 12:28:33+00:00
1001192245;TalkMarkets;TalkMarkets;5180;1138;308631;597;False;2012-12-10 07:55:31+00:00
822494230182408193;GPM_LLP;Glancy Prongay & Murray LLP;409;233;1364;4;False;2017-01-20 17:21:20+00:00
1969051933;Ultrascan419;Ultrascan 419;448;224;149472;185;False;2013-10-18 14:51:14+00:00
976297820532518914;NewsFromBW;Latest News from Business Wire;2496;24;380370;38;False;2018-03-21 03:21:53+00:00
702898448153104386;rosen_firm;The Rosen Law Firm;2416;186;1251;18;False;2016-02-25 16:50:24+00:00
763557177923481600;ChronLaw;ChronLAW | News for Legal Professionals;806;1070;884700;22;False;2016-08-11 02:06:32+00:00
714543038983495681;OtcBullsNet;OTC Bulls;480;0;43187;20;False;2016-03-28 20:01:50+00:00
842016584386277377;Mafia_Medium;üì°ü¶ªü§ØüîÆMafia Medium,Mafia Signal,Mafia Zero Point;779;4254;71480;26;False;2017-03-15 14:16:12+00:00
1187091965776744454;conosur11;cono-sur;91;445;147;1;False;2019-10-23 19:42:43+00:00
963495628545327104;StckPro;STCK.PRO;4924;18;557746;87;False;2018-02-13 19:30:33+00:00
1134049078424162304;newsfilterio;Investor News;22734;179;1069047;423;False;2019-05-30 10:49:04+00:00
15296897;MarketCurrents;Breaking News;81836;1;943073;2508;False;2008-07-02 10:38:58+00:00
2863338475;JoaquimAgusti;JoaquimAgustiCoderch;1627;3876;66765;82;False;2014-10-18 19:25:01+00:00
1156278116781821953;fabianm62774657;Fabian;57;66;1545;0;False;2019-07-30 18:59:20+00:00
82832569;weijgenberger;bill eijgenberger;180;13;57441;9;False;2009-10-16 08:35:46+00:00
754764610327158785;liquid1974;Liquid1974;41;74;524;0;False;2016-07-17 19:48:00+00:00
1256266861001560066;c_labrinos;Costas Labrinos;399;46;114319;17;False;2020-05-01 16:59:07+00:00
973011759068950528;TheWizardTrades;The Wizard Trades;5211;477;14369;78;False;2018-03-12 01:44:15+00:00
121158213;AlertTrade;Trade Alerts, Trade Ideas and Crypto üá∫üá∏;172405;154560;2564588;2581;False;2010-03-08 16:14:34+00:00
1136370591517290496;Gambiste1;Joe Gambiste;16027;0;1738469;181;False;2019-06-05 20:33:56+00:00
36842372;kipmccauley;K McCauley üèîüèÑüèª;444;145;3927;22;False;2009-05-01 01:26:45+00:00
1212530948;PistolOnFire44;Gifted 1;31;141;3063;0;False;2013-02-23 15:46:23+00:00
1136367429016260610;DivCultivator;Dividend Cultivator üí∏üå±;44240;1518;22593;669;False;2019-06-05 20:21:22+00:00
1235846870376706048;Level4Arb;Vinny Daniel;50;884;792;1;False;2020-03-06 08:37:48+00:00
1235225464278573056;AndreyGodsonn;Andy Lov;435;358;13318;10;False;2020-03-04 15:28:22+00:00
